first_name,last_name,age,gender,qualification,occupation,address,mobile_number,email_id
Gauri,Powar,21,Female,B.E IT,Software Developer,"213, Cietel Tower, Powai, Mumbai",+91 8765213421,gpt@xyz.com
Girish,Hegde,32,Male,B.Sc,Pharmacist,"312, Guru Prasad, Andheri, Mumbai-56",+91 8655258212,acv.rew@abc.com
Pooja,Shah,25,Female,Phd,Doctor,"213, Cietel Tower, Powai, Mumbai",+91 8455213421,wqe@ert.com
Rohini,Singh,30,Female,BE Comps,Software Developer,Mahant Road,+91 8455213420,qwrt.ret@wer.com
Gauri,Powar,21,Female,B.E IT,Software Developer,"213, Cietel Tower, Powai, Mumbai",+91 8765210421,rte@xt.com
Gautami,Nadkarni,34,Female,MS,Application Developer,"345, Shah Appartments, Malad",+91 8565213421,gng@gng.com
Rahul,Sigh,28,Male,LLB,Lawyer,"345, Shah Appartments, Malad",+91 8765219421,rhs@rte.com
Navin,Shah,31,Male,Phd,Doctor,Prasad Apparments,+91 8655278258,ter@ter.com
Om,Kumar,34,Male,BE Comps,Software Developer,"312, WTC, Kharadi, Pune",+91 9981845045,ta_me@gmail.com
SaiSarvesh,Rajan,21,Male,Phd,Doctor,"Rasberry Garden, Row House No. 4",+91 9981545045,tazarb@gmail.in
SaiSarvesh,Rajan,22,Male,Phd,Doctor,"Rasberry Garden, Row House No. 5",+91 9981545047,acb@rt.in
SaiSarvesh,Rajan,23,Male,Phd,Doctor,"Rasberry Garden, Row House No. 6",+91 9981545046,rew@tr.in
SaiSarvesh,Rajan,24,Male,Phd,Doctor,"Rasberry Garden, Row House No. 7",+91 9981545044,qwerty@gm.in
SaiSarvesh,Rajan,25,Male,Phd,Doctor,"Rasberry Garden, Row House No. 8",+91 9981545043,12erw@ert.com
SaiSarvesh,Rajan,26,Male,Phd,Doctor,"Rasberry Garden, Row House No. 9",+91 9981545042,wer_45@ert.in
SaiSarvesh,Rajan,27,Male,Phd,Doctor,"Rasberry Garden, Row House No. 10",+91 9981545041,sunny@gm.in
Gauri,Powar,21,Female,B.E IT,Software Developer,"213, Cietel Tower, Powai, Mumbai",+91 9765213421,ertwe@in.in
Gauri,Powar,22,Female,B.E IT,Software Developer,"214, Cietel Tower, Powai, Mumbai",+91 9765211421,rswe@rt.in
Gauri,Powar,23,Female,B.E IT,Software Developer,"215, Cietel Tower, Powai, Mumbai",+91 9765219421,34fgg@ter.in
Gauri,Powar,24,Female,B.E IT,Software Developer,"216, Cietel Tower, Powai, Mumbai",+91 9765215421,er@er.in
